cbg,RCN
481990301001,3.3306690738754696e-16
481990301002,-1.6653345369377348e-15
481990301003,1.3322676295501878e-15
481990302001,5.551115123125783e-16
481990302002,1.7763568394002505e-15
481990302003,1.5543122344752192e-15
481990303001,-1.7763568394002505e-15
481990303002,-2.6645352591003757e-15
481990303003,-1.1102230246251565e-16
481990303004,-1.4432899320127035e-15
481990304001,1.2212453270876722e-15
481990304002,-9.992007221626409e-16
481990304003,-2.4424906541753444e-15
481990305011,2.3314683517128287e-15
481990305012,-5.551115123125783e-16
481990305021,1.1102230246251565e-16
481990305022,1.5543122344752192e-15
481990305023,1.2212453270876722e-15
481990305024,-9.992007221626409e-16
481990305025,6.661338147750939e-16
481990306001,1.1102230246251565e-16
481990306002,1.4432899320127035e-15
481990307001,-9.992007221626409e-16
481990307002,1.1102230246251565e-16
481990307003,2.220446049250313e-16
481990308001,-1.9984014443252818e-15
481990308002,1.1102230246251565e-15
481990308003,1.3322676295501878e-15
481990308004,3.3306690738754696e-16
481990308005,-1.4432899320127035e-15
481990308006,1.7763568394002505e-15
481990309001,-2.9976021664879227e-15
481990309002,-7.771561172376096e-16
481990309003,1.2212453270876722e-15
481990310001,-1.3322676295501878e-15
481990310002,2.220446049250313e-16
481990310003,-2.886579864025407e-15
482450001011,1.7763568394002505e-15
482450001012,2.9976021664879227e-15
482450001021,-1.5543122344752192e-15
482450001031,7.771561172376096e-16
482450001032,2.220446049250313e-16
482450002001,-1.1102230246251565e-15
482450002002,-3.3306690738754696e-16
482450002003,-1.9984014443252818e-15
482450003021,5.551115123125783e-16
482450003022,-1.1102230246251565e-15
482450003023,1.4432899320127035e-15
482450003041,-1.6653345369377348e-15
482450003042,1.6653345369377348e-15
482450003043,-9.992007221626409e-16
482450003044,5.551115123125783e-16
482450003045,2.55351295663786e-15
482450003061,-1.1102230246251565e-16
482450003062,3.1086244689504383e-15
482450003063,4.440892098500626e-16
482450003064,-1.2212453270876722e-15
482450003071,-6.661338147750939e-16
482450003081,-6.661338147750939e-16
482450003082,1.4432899320127035e-15
482450003083,-5.551115123125783e-16
482450003091,6.661338147750939e-16
482450003101,2.220446049250313e-15
482450003102,4.440892098500626e-16
482450003103,9.992007221626409e-16
482450003104,-1.1102230246251565e-16
482450003105,-2.1094237467877974e-15
482450004001,4.440892098500626e-16
482450004002,-9.992007221626409e-16
482450004003,-1.3322676295501878e-15
482450004004,2.3314683517128287e-15
482450005001,-2.6645352591003757e-15
482450005002,-3.3306690738754696e-16
482450006001,2.220446049250313e-15
482450006002,7.771561172376096e-16
482450006003,1.1102230246251565e-15
482450006004,1.1102230246251565e-15
482450006005,-2.220446049250313e-16
482450006006,1.7763568394002505e-15
482450007001,5.551115123125783e-16
482450007002,9.992007221626409e-16
482450007003,2.886579864025407e-15
482450007004,1.3322676295501878e-15
482450009001,3.3306690738754696e-16
482450009002,2.4424906541753444e-15
482450011001,-2.55351295663786e-15
482450011002,8.881784197001252e-16
482450011003,7.771561172376096e-16
482450012001,-2.1094237467877974e-15
482450012002,6.661338147750939e-16
482450013011,6.661338147750939e-16
482450013012,1.1102230246251565e-15
482450013013,2.886579864025407e-15
482450013014,-3.3306690738754696e-16
482450013021,1.4432899320127035e-15
482450013022,7.771561172376096e-16
482450013031,3.3306690738754696e-16
482450013032,-1.5543122344752192e-15
482450017001,-1.5543122344752192e-15
482450017002,-1.1102230246251565e-15
482450017003,8.881784197001252e-16
482450019001,5.551115123125783e-16
482450019002,2.7755575615628914e-15
482450019003,1.2212453270876722e-15
482450020001,8.881784197001252e-16
482450020002,-1.887379141862766e-15
482450021001,-9.992007221626409e-16
482450021002,8.881784197001252e-16
482450021003,1.3322676295501878e-15
482450022001,1.1102230246251565e-15
482450022002,7.771561172376096e-16
482450022003,1.887379141862766e-15
482450023001,8.881784197001252e-16
482450023002,1.2212453270876722e-15
482450023003,-2.55351295663786e-15
482450023004,-2.1094237467877974e-15
482450023005,2.6645352591003757e-15
482450024001,1.4432899320127035e-15
482450024002,5.551115123125783e-16
482450024003,-1.5543122344752192e-15
482450024004,8.881784197001252e-16
482450025001,-5.551115123125783e-16
482450025002,1.3322676295501878e-15
482450026001,1.5543122344752192e-15
482450026002,-2.220446049250313e-16
482450026003,-4.440892098500626e-16
482450026004,-1.9984014443252818e-15
482450026005,-1.6653345369377348e-15
482450051001,-1.3322676295501878e-15
482450051002,-2.1094237467877974e-15
482450054001,1.2212453270876722e-15
482450054002,-5.551115123125783e-16
482450055001,1.4432899320127035e-15
482450055002,-1.1102230246251565e-16
482450055003,-1.5543122344752192e-15
482450055004,1.9984014443252818e-15
482450056001,-4.440892098500626e-16
482450056002,4.440892098500626e-16
482450056003,-2.55351295663786e-15
482450056004,-1.5543122344752192e-15
482450059001,-1.6653345369377348e-15
482450059002,-1.1102230246251565e-16
482450061001,-2.220446049250313e-15
482450061002,-9.992007221626409e-16
482450061003,-1.1102230246251565e-16
482450063001,2.3314683517128287e-15
482450063002,1.6653345369377348e-15
482450064001,-1.9984014443252818e-15
482450064002,1.4432899320127035e-15
482450065001,1.1102230246251565e-15
482450065002,6.661338147750939e-16
482450065003,0.0
482450065004,7.771561172376096e-16
482450066001,1.9984014443252818e-15
482450066002,3.3306690738754696e-16
482450066003,-1.2212453270876722e-15
482450067001,-9.992007221626409e-16
482450067002,1.4432899320127035e-15
482450068001,7.771561172376096e-16
482450068002,6.661338147750939e-16
482450069001,1.7763568394002505e-15
482450069002,8.881784197001252e-16
482450069003,1.2212453270876722e-15
482450070011,0.0
482450070012,5.551115123125783e-16
482450070013,-1.1102230246251565e-15
482450070021,-2.220446049250313e-16
482450070022,-1.1102230246251565e-15
482450071001,7.771561172376096e-16
482450071002,2.220446049250313e-16
482450071003,-1.7763568394002505e-15
482450101001,-6.661338147750939e-16
482450101002,1.9984014443252818e-15
482450101003,3.3306690738754696e-16
482450102001,2.886579864025407e-15
482450102002,2.4424906541753444e-15
482450103001,2.4424906541753444e-15
482450103002,3.3306690738754696e-16
482450104001,-1.1102230246251565e-15
482450104002,-9.992007221626409e-16
482450104003,5.551115123125783e-16
482450105001,-1.887379141862766e-15
482450105002,6.661338147750939e-16
482450105003,1.9984014443252818e-15
482450105004,5.551115123125783e-16
482450106001,2.220446049250313e-15
482450106002,-8.881784197001252e-16
482450106003,-1.2212453270876722e-15
482450106004,1.1102230246251565e-16
482450106005,1.1102230246251565e-15
482450107001,-2.9976021664879227e-15
482450107002,1.4432899320127035e-15
482450107003,-2.220446049250313e-15
482450108001,1.887379141862766e-15
482450108002,-3.3306690738754696e-16
482450108003,-1.6653345369377348e-15
482450108004,9.992007221626409e-16
482450108005,-2.9976021664879227e-15
482450109011,-7.771561172376096e-16
482450109012,-1.4432899320127035e-15
482450109013,2.220446049250313e-15
482450109021,6.661338147750939e-16
482450109022,1.6653345369377348e-15
482450109023,1.1102230246251565e-16
482450110011,-5.551115123125783e-16
482450110012,-2.220446049250313e-15
482450110013,2.6645352591003757e-15
482450110014,1.3322676295501878e-15
482450110021,-1.5543122344752192e-15
482450110022,5.551115123125783e-16
482450110023,4.440892098500626e-16
482450111011,1.2212453270876722e-15
482450111012,1.1102230246251565e-15
482450111013,1.7763568394002505e-15
482450111014,4.440892098500626e-16
482450111021,1.1102230246251565e-15
482450111022,9.992007221626409e-16
482450111023,1.1102230246251565e-16
482450112011,1.1102230246251565e-15
482450112012,1.6653345369377348e-15
482450112013,1.5543122344752192e-15
482450112014,7.771561172376096e-16
482450112015,6.661338147750939e-16
482450112031,0.0
482450113031,-6.661338147750939e-16
482450113032,7.771561172376096e-16
482450113041,-2.4424906541753444e-15
482450113042,-2.1094237467877974e-15
482450114001,-3.3306690738754696e-16
482450114002,9.992007221626409e-16
482450114003,3.3306690738754696e-16
482450114004,-3.3306690738754696e-16
482450114005,5.551115123125783e-16
482450115001,1.5543122344752192e-15
482450116001,3.3306690738754696e-16
482450116002,-2.1094237467877974e-15
482450117001,1.5543122344752192e-15
482450117002,-1.1102230246251565e-16
482450118001,4.440892098500626e-16
482450118002,-1.7763568394002505e-15
482459800001,5.551115123125783e-16
483610202001,-2.6645352591003757e-15
483610202002,1.6653345369377348e-15
483610202003,-2.7755575615628914e-15
483610202004,1.4432899320127035e-15
483610203001,5.551115123125783e-16
483610203002,2.4424906541753444e-15
483610203003,-1.5543122344752192e-15
483610205001,1.4432899320127035e-15
483610205002,7.771561172376096e-16
483610205003,1.2212453270876722e-15
483610205004,1.1102230246251565e-15
483610207001,-1.887379141862766e-15
483610207002,-2.7755575615628914e-15
483610207003,-1.7763568394002505e-15
483610207004,5.551115123125783e-16
483610208001,7.771561172376096e-16
483610208002,1.6653345369377348e-15
483610209001,6.661338147750939e-16
483610209002,-3.3306690738754696e-16
483610209003,-8.881784197001252e-16
483610209004,1.9984014443252818e-15
483610210001,1.1102230246251565e-15
483610211001,1.5543122344752192e-15
483610212001,3.3306690738754696e-16
483610212002,-3.3306690738754696e-16
483610212003,1.6653345369377348e-15
483610213001,1.1102230246251565e-15
483610213002,-5.551115123125783e-16
483610213003,-2.220446049250313e-16
483610214001,-3.3306690738754696e-15
483610214002,1.2212453270876722e-15
483610215011,2.55351295663786e-15
483610215021,-2.220446049250313e-15
483610215022,-1.3322676295501878e-15
483610215023,-9.992007221626409e-16
483610215024,9.992007221626409e-16
483610215025,2.220446049250313e-16
483610216001,-8.881784197001252e-16
483610216002,-1.887379141862766e-15
483610216003,-6.661338147750939e-16
483610217001,-1.887379141862766e-15
483610217002,1.7763568394002505e-15
483610218001,1.4432899320127035e-15
483610218002,2.220446049250313e-16
483610219001,-1.9984014443252818e-15
483610219002,8.881784197001252e-16
483610219003,2.3314683517128287e-15
483610219004,1.2212453270876722e-15
483610219005,5.551115123125783e-16
483610219006,1.1102230246251565e-16
483610220001,1.1102230246251565e-15
483610220002,1.5543122344752192e-15
483610220003,1.1102230246251565e-16
483610222001,2.7755575615628914e-15
483610222002,5.551115123125783e-16
483610223001,2.1094237467877974e-15
483610223002,-2.1094237467877974e-15
483610223003,2.220446049250313e-15
483610223004,1.9984014443252818e-15
483610223005,-1.5543122344752192e-15
483610224001,6.661338147750939e-16
483610224002,0.0
483610224003,2.220446049250313e-15
483610224004,-2.220446049250313e-16
483610224005,2.7755575615628914e-15
