cbg,deg_t0,deg_tD,deg_t1,vulnerability,robustness,drop_depth,recovery_rate,area_loss
481990301001,0.0,0.6123456790123458,0.6370370370370373,0.6123456790123458,0.024691358024691468,-0.6123456790123458,0.024691358024691468,-0.6123456790123458
481990301002,0.6064814814814816,0.7990740740740743,0.6009259259259261,0.19259259259259265,-0.19814814814814818,-0.19259259259259265,-0.19814814814814818,-0.19259259259259265
481990301003,0.6203554119547654,0.9038772213247173,0.9846526655896604,0.28352180936995186,0.0807754442649431,-0.28352180936995186,0.0807754442649431,-0.28352180936995186
481990302001,0.6056338028169015,0.6348862405200433,0.6323582520765618,0.029252437703141787,-0.002527988443481455,-0.029252437703141787,-0.002527988443481455,-0.029252437703141787
481990302002,0.7010443864229765,1.0,0.17471714534377725,0.2989556135770235,-0.8252828546562228,-0.2989556135770235,-0.8252828546562228,-0.2989556135770235
481990302003,0.8907127429805612,0.8107991360691145,0.9917926565874726,-0.07991360691144678,0.18099352051835815,0.07991360691144678,0.18099352051835815,0.07991360691144678
481990303001,0.3110846245530392,0.554628526023043,0.7199046483909415,0.24354390147000382,0.16527612236789846,-0.24354390147000382,0.16527612236789846,-0.24354390147000382
481990303002,0.4645902415916625,0.73567029843676,0.84580767408811,0.2710800568450975,0.11013737565134996,-0.2710800568450975,0.11013737565134996,-0.2710800568450975
481990303003,0.17065390749601272,0.4784688995215314,0.8668261562998407,0.30781499202551865,0.38835725677830935,-0.30781499202551865,0.38835725677830935,-0.30781499202551865
481990303004,0.2424242424242422,0.43381180223285476,0.3859649122807016,0.19138755980861255,-0.04784688995215314,-0.19138755980861255,-0.04784688995215314,-0.19138755980861255
481990304001,0.8143773202834963,0.9949375632804591,1.0000000000000002,0.18056024299696283,0.005062436719541097,-0.18056024299696283,0.005062436719541097,-0.18056024299696283
481990304002,0.29081632653061185,0.8724489795918364,0.9221938775510203,0.5816326530612246,0.04974489795918391,-0.5816326530612246,0.04974489795918391,-0.5816326530612246
481990304003,0.6500429922613931,0.8525365434221839,1.0,0.20249355116079082,0.14746345657781612,-0.20249355116079082,0.14746345657781612,-0.20249355116079082
481990305011,0.27826086956521756,0.23478260869565215,0.4678260869565225,-0.04347826086956541,0.23304347826087035,0.04347826086956541,0.23304347826087035,0.04347826086956541
481990305012,0.8304523721956603,1.0,0.18661272526664208,0.16954762780433974,-0.8133872747333579,-0.16954762780433974,-0.8133872747333579,-0.16954762780433974
481990305021,0.12899842684845308,0.2364971158888306,0.15128474042999474,0.10749868904037752,-0.08521237545883587,-0.10749868904037752,-0.08521237545883587,-0.10749868904037752
481990305022,0.6592645230058625,0.7582163794634926,0.9383549475928228,0.09895185645763016,0.18013856812933016,-0.09895185645763016,0.18013856812933016,-0.09895185645763016
481990305023,0.5230912973838762,0.5608649225840896,0.709289909236519,0.037773625200213434,0.14842498665242942,-0.037773625200213434,0.14842498665242942,-0.037773625200213434
481990305024,0.43709627806828655,0.6551830206090434,0.87603814211012,0.21808674254075688,0.22085512150107656,-0.21808674254075688,0.22085512150107656,-0.21808674254075688
481990305025,0.2897384305835011,0.5150905432595576,0.6629778672032196,0.22535211267605648,0.147887323943662,-0.22535211267605648,0.147887323943662,-0.22535211267605648
481990306001,0.34796573875803016,0.30192719486081376,0.5867237687366167,-0.0460385438972164,0.2847965738758029,0.0460385438972164,0.2847965738758029,0.0460385438972164
481990306002,0.695190947666195,0.6746817538896748,0.6633663366336635,-0.020509193776520274,-0.011315417256011262,0.020509193776520274,-0.011315417256011262,0.020509193776520274
481990307001,0.4691635455680401,0.5642946317103621,0.7513108614232209,0.09513108614232202,0.1870162297128588,-0.09513108614232202,0.1870162297128588,-0.09513108614232202
481990307002,0.32236842105263097,0.28837719298245634,1.0,-0.03399122807017463,0.7116228070175437,0.03399122807017463,0.7116228070175437,0.03399122807017463
481990307003,0.32716049382716017,0.5353909465020577,0.7382716049382716,0.20823045267489748,0.20288065843621395,-0.20823045267489748,0.20288065843621395,-0.20823045267489748
481990308001,0.0037735849056597104,1.0,0.50566037735849,0.9962264150943403,-0.49433962264151,-0.9962264150943403,-0.49433962264151,-0.9962264150943403
481990308002,0.5517241379310345,0.5978184377199156,0.2973258268824772,0.04609429978888113,-0.3004926108374384,-0.04609429978888113,-0.3004926108374384,-0.04609429978888113
481990308003,0.4529316837009141,0.7444862829478209,0.885960193652501,0.29155459924690685,0.14147391070468007,-0.29155459924690685,0.14147391070468007,-0.29155459924690685
481990308004,0.10767160161507405,0.37281292059219373,0.42934051144010743,0.2651413189771197,0.0565275908479137,-0.2651413189771197,0.0565275908479137,-0.2651413189771197
481990308005,0.7886792452830189,0.4415094339622643,0.4452830188679249,-0.34716981132075464,0.0037735849056605986,0.34716981132075464,0.0037735849056605986,0.34716981132075464
481990308006,0.28755868544600904,0.42253521126760507,0.24765258215962405,0.13497652582159603,-0.17488262910798102,-0.13497652582159603,-0.17488262910798102,-0.13497652582159603
481990309001,0.06029106029106002,0.0,0.22765072765072736,-0.06029106029106002,0.22765072765072736,0.06029106029106002,0.22765072765072736,0.06029106029106002
481990309002,0.4845704753961635,0.5921601334445374,0.4295246038365308,0.10758965804837395,-0.16263552960800665,-0.10758965804837395,-0.16263552960800665,-0.10758965804837395
481990309003,0.3521303258145365,0.5426065162907268,0.5614035087719298,0.19047619047619024,0.018796992481203034,-0.19047619047619024,0.018796992481203034,-0.19047619047619024
481990310001,0.2646443514644352,0.2834728033472802,0.3158995815899581,0.018828451882844988,0.03242677824267792,-0.018828451882844988,0.03242677824267792,-0.018828451882844988
481990310002,0.09868421052631593,0.4328947368421052,0.45789473684210513,0.3342105263157893,0.02499999999999991,-0.3342105263157893,0.02499999999999991,-0.3342105263157893
481990310003,0.48550724637681153,0.8478260869565215,0.8260869565217392,0.36231884057971,-0.02173913043478226,-0.36231884057971,-0.02173913043478226,-0.36231884057971
482450001011,0.1513575967648757,0.10398613518197575,0.186019641825534,-0.047371461582899954,0.08203350664355824,0.047371461582899954,0.08203350664355824,0.047371461582899954
482450001012,0.25,0.4229651162790695,0.504360465116279,0.17296511627906952,0.08139534883720945,-0.17296511627906952,0.08139534883720945,-0.17296511627906952
482450001021,0.40600522193211486,0.4184073107049606,0.3028720626631851,0.012402088772845765,-0.1155352480417755,-0.012402088772845765,-0.1155352480417755,-0.012402088772845765
482450001031,0.1065318818040435,0.4883359253499222,0.09642301710730905,0.3818040435458787,-0.39191290824261316,-0.3818040435458787,-0.39191290824261316,-0.3818040435458787
482450001032,0.06638566912539523,0.22918861959957848,0.0,0.16280295047418325,-0.22918861959957848,-0.16280295047418325,-0.22918861959957848,-0.16280295047418325
482450002001,0.40308937109231335,0.4071349760941523,0.03714600956233882,0.004045605001838926,-0.36998896653181346,-0.004045605001838926,-0.36998896653181346,-0.004045605001838926
482450002002,0.32642953624493476,0.06978838361098605,0.3683025664115265,-0.2566411526339487,0.29851418280054043,0.2566411526339487,0.29851418280054043,0.2566411526339487
482450002003,0.42838792549775206,0.525369299935774,0.2967244701348748,0.0969813744380219,-0.22864482980089917,-0.0969813744380219,-0.22864482980089917,-0.0969813744380219
482450003021,0.49696444058976574,0.6886383347788376,0.9999999999999996,0.19167389418907188,0.31136166522116193,-0.19167389418907188,0.31136166522116193,-0.19167389418907188
482450003022,0.7258576343655009,1.0,0.19534355479840998,0.2741423656344991,-0.8046564452015901,-0.2741423656344991,-0.8046564452015901,-0.2741423656344991
482450003023,0.5641219928016667,0.6819473385110815,0.45879901496495545,0.11782534570941472,-0.22314832354612602,-0.11782534570941472,-0.22314832354612602,-0.11782534570941472
482450003041,0.0,0.33520809898762627,0.34870641169853744,0.33520809898762627,0.013498312710911176,-0.33520809898762627,0.013498312710911176,-0.33520809898762627
482450003042,0.11077618688771662,0.1590052750565183,0.17106254709871882,0.04822908816880167,0.012057272042200529,-0.04822908816880167,0.012057272042200529,-0.04822908816880167
482450003043,0.8430351790503232,0.7466477362359993,0.2295314718409842,-0.09638744281432388,-0.5171162643950151,0.09638744281432388,-0.5171162643950151,0.09638744281432388
482450003044,0.6698113207547172,0.6627358490566042,0.0,-0.007075471698112956,-0.6627358490566042,0.007075471698112956,-0.6627358490566042,0.007075471698112956
482450003045,0.1545524100994642,0.25937260902830883,0.07957153787299154,0.10482019892884464,-0.1798010711553173,-0.10482019892884464,-0.1798010711553173,-0.10482019892884464
482450003061,0.27773212818405923,0.10682004930156141,0.3689400164338541,-0.17091207888249782,0.2621199671322927,0.17091207888249782,0.2621199671322927,0.17091207888249782
482450003062,0.3541341653666148,0.385335413416537,0.23088923556942298,0.031201248049922192,-0.154446177847114,-0.031201248049922192,-0.154446177847114,-0.031201248049922192
482450003063,0.4435451234318091,0.15378389316066388,0.15540267098340754,-0.2897612302711452,0.0016187778227436667,0.2897612302711452,0.0016187778227436667,0.2897612302711452
482450003064,0.15074309978768574,0.2788393489030432,0.41188959660297253,0.12809624911535744,0.13305024769992935,-0.12809624911535744,0.13305024769992935,-0.12809624911535744
482450003071,0.34824106899372786,0.3643305154076897,0.38014725934005966,0.016089446413961817,0.01581674393236998,-0.016089446413961817,0.01581674393236998,-0.016089446413961817
482450003081,0.30461777260380307,0.4811796662786185,0.6096235933255723,0.17656189367481545,0.12844392704695373,-0.17656189367481545,0.12844392704695373,-0.17656189367481545
482450003082,0.5355707870479796,0.2845662963838338,0.4465847317419054,-0.25100449066414576,0.1620184353580716,0.25100449066414576,0.1620184353580716,0.25100449066414576
482450003083,0.3411918795022917,0.42174197773411937,0.7753765553372629,0.08055009823182768,0.35363457760314354,-0.08055009823182768,0.35363457760314354,-0.08055009823182768
482450003091,0.7083650190114066,0.8055133079847907,0.9999999999999998,0.09714828897338412,0.19448669201520907,-0.09714828897338412,0.19448669201520907,-0.09714828897338412
482450003101,0.6027118644067797,0.6345762711864407,1.0,0.03186440677966096,0.36542372881355933,-0.03186440677966096,0.36542372881355933,-0.03186440677966096
482450003102,0.2990961380443715,0.4330320460147905,0.49958915365653267,0.133935907970419,0.06655710764174216,-0.133935907970419,0.06655710764174216,-0.133935907970419
482450003103,0.46098360655737736,0.32721311475409864,0.3140983606557377,-0.1337704918032787,-0.013114754098360937,0.1337704918032787,-0.013114754098360937,0.1337704918032787
482450003104,0.35029354207436425,0.3561643835616439,0.1213307240704502,0.005870841487279677,-0.23483365949119372,-0.005870841487279677,-0.23483365949119372,-0.005870841487279677
482450003105,0.3864541832669319,0.5617529880478087,0.3545816733067726,0.17529880478087678,-0.20717131474103612,-0.17529880478087678,-0.20717131474103612,-0.17529880478087678
482450004001,0.5992179863147604,0.7878787878787876,0.4643206256109482,0.1886608015640272,-0.3235581622678394,-0.1886608015640272,-0.3235581622678394,-0.1886608015640272
482450004002,0.15120274914089382,0.2225085910652922,0.6022336769759455,0.07130584192439837,0.37972508591065335,-0.07130584192439837,0.37972508591065335,-0.07130584192439837
482450004003,0.3007518796992481,0.20847573479152448,0.28024606971975397,-0.09227614490772362,0.07177033492822948,0.09227614490772362,0.07177033492822948,0.09227614490772362
482450004004,0.29498861047836034,0.5102505694760824,0.7015945330296125,0.21526195899772205,0.19134396355353012,-0.21526195899772205,0.19134396355353012,-0.21526195899772205
482450005001,0.32747119466343255,0.36810187992722865,0.29836264402668267,0.040630685263796096,-0.06973923590054598,-0.040630685263796096,-0.06973923590054598,-0.040630685263796096
482450005002,0.2765151515151514,0.6868686868686869,1.0,0.41035353535353547,0.31313131313131315,-0.41035353535353547,0.31313131313131315,-0.41035353535353547
482450006001,0.2142245072836333,0.2596401028277635,0.0,0.045415595544130216,-0.2596401028277635,-0.045415595544130216,-0.2596401028277635,-0.045415595544130216
482450006002,1.0,0.34790528233151186,0.00941105039465695,-0.6520947176684881,-0.3384942319368549,0.6520947176684881,-0.3384942319368549,0.6520947176684881
482450006003,0.26388888888888906,0.41574074074074074,0.0,0.15185185185185168,-0.41574074074074074,-0.15185185185185168,-0.41574074074074074,-0.15185185185185168
482450006004,0.0,0.26984126984126977,0.1084656084656086,0.26984126984126977,-0.16137566137566117,-0.26984126984126977,-0.16137566137566117,-0.26984126984126977
482450006005,0.13465553235908145,0.463465553235908,0.36534446764091855,0.32881002087682654,-0.09812108559498944,-0.32881002087682654,-0.09812108559498944,-0.32881002087682654
482450006006,0.4024663677130045,0.35762331838565053,0.19394618834080735,-0.044843049327353945,-0.1636771300448432,0.044843049327353945,-0.1636771300448432,0.044843049327353945
482450007001,0.0,0.174540682414698,0.014435695538057569,0.174540682414698,-0.16010498687664043,-0.174540682414698,-0.16010498687664043,-0.174540682414698
482450007002,0.43527204502814243,0.6247654784240151,0.3076923076923077,0.18949343339587266,-0.3170731707317074,-0.18949343339587266,-0.3170731707317074,-0.18949343339587266
482450007003,0.442122186495177,0.4308681672025725,0.072347266881029,-0.0112540192926045,-0.3585209003215435,0.0112540192926045,-0.3585209003215435,0.0112540192926045
482450007004,0.12195121951219479,0.5947467166979359,0.09380863039399623,0.4727954971857411,-0.5009380863039397,-0.4727954971857411,-0.5009380863039397,-0.4727954971857411
482450009001,0.4271137026239069,0.5685131195335278,0.07580174927113692,0.14139941690962088,-0.49271137026239087,-0.14139941690962088,-0.49271137026239087,-0.14139941690962088
482450009002,0.10796645702306096,0.0,0.14570230607966472,-0.10796645702306096,0.14570230607966472,0.10796645702306096,0.14570230607966472,0.10796645702306096
482450011001,0.1977040816326534,0.2920918367346941,0.06122448979591866,0.09438775510204067,-0.23086734693877542,-0.09438775510204067,-0.23086734693877542,-0.09438775510204067
482450011002,0.31709265175718837,0.14057507987220452,0.47963258785942475,-0.17651757188498385,0.33905750798722023,0.17651757188498385,0.33905750798722023,0.17651757188498385
482450011003,0.18474842767295607,0.3073899371069184,0.08176100628930838,0.12264150943396235,-0.22562893081761004,-0.12264150943396235,-0.22562893081761004,-0.12264150943396235
482450012001,0.34435433562071105,0.44978165938864634,0.2276980661260135,0.10542732376793529,-0.22208359326263283,-0.10542732376793529,-0.22208359326263283,-0.10542732376793529
482450012002,0.26071774975751705,0.15965082444228873,0.47468477206595505,-0.10106692531522832,0.3150339476236663,0.10106692531522832,0.3150339476236663,0.10106692531522832
482450013011,0.39137296159915813,0.4992109416096788,0.377695949500263,0.1078379800105207,-0.12151499210941585,-0.1078379800105207,-0.12151499210941585,-0.1078379800105207
482450013012,0.3180446590223296,0.0,0.09444779722389862,-0.3180446590223296,0.09444779722389862,0.3180446590223296,0.09444779722389862,0.3180446590223296
482450013013,0.4604166666666667,0.6479166666666667,0.4552083333333332,0.1875,-0.19270833333333348,-0.1875,-0.19270833333333348,-0.1875
482450013014,0.5297062750333779,0.17056074766355156,0.3010680907877168,-0.3591455273698263,0.13050734312416523,0.3591455273698263,0.13050734312416523,0.3591455273698263
482450013021,0.5118006993006992,0.4676573426573425,0.6437937062937062,-0.04414335664335667,0.17613636363636376,0.04414335664335667,0.17613636363636376,0.04414335664335667
482450013022,0.2555795536357093,0.41180705543556506,0.10151187904967607,0.15622750179985578,-0.310295176385889,-0.15622750179985578,-0.310295176385889,-0.15622750179985578
482450013031,0.15514705882352953,0.28455882352941186,0.3341911764705885,0.12941176470588234,0.04963235294117663,-0.12941176470588234,0.04963235294117663,-0.12941176470588234
482450013032,0.6380056444026341,1.0,0.3900282220131703,0.3619943555973659,-0.6099717779868297,-0.3619943555973659,-0.6099717779868297,-0.3619943555973659
482450017001,0.11405529953917037,0.10253456221198132,0.12557603686635943,-0.011520737327189057,0.023041474654378113,0.011520737327189057,0.023041474654378113,0.011520737327189057
482450017002,0.43629343629343653,0.12097812097812088,0.5624195624195623,-0.31531531531531565,0.4414414414414414,0.31531531531531565,0.4414414414414414,0.31531531531531565
482450017003,0.0,0.4020270270270272,0.9881756756756759,0.4020270270270272,0.5861486486486487,-0.4020270270270272,0.5861486486486487,-0.4020270270270272
482450019001,0.4244521337946945,0.5305651672433682,0.5870818915801617,0.10611303344867373,0.056516724336793445,-0.10611303344867373,0.056516724336793445,-0.10611303344867373
482450019002,0.1438763376932224,0.0998810939357907,0.17241379310344818,-0.04399524375743169,0.07253269916765748,0.04399524375743169,0.07253269916765748,0.04399524375743169
482450019003,0.18613607188703485,0.3093709884467266,0.27342747111681653,0.12323491655969177,-0.03594351732991008,-0.12323491655969177,-0.03594351732991008,-0.12323491655969177
482450020001,0.20996441281138756,0.042704626334519435,0.09074733096085374,-0.16725978647686812,0.04804270462633431,0.16725978647686812,0.04804270462633431,0.16725978647686812
482450020002,0.5761981690899298,1.0,0.2428648357565968,0.4238018309100702,-0.7571351642434032,-0.4238018309100702,-0.7571351642434032,-0.4238018309100702
482450021001,0.5721909279573079,0.09872517047139029,0.20397272457752713,-0.47346575748591757,0.10524755410613684,0.47346575748591757,0.10524755410613684,0.47346575748591757
482450021002,0.34042553191489366,0.6654846335697395,0.27895981087470423,0.32505910165484586,-0.3865248226950353,-0.32505910165484586,-0.3865248226950353,-0.32505910165484586
482450021003,0.6334405144694535,0.47534833869239,0.2540192926045015,-0.15809217577706347,-0.2213290460878885,0.15809217577706347,-0.2213290460878885,0.15809217577706347
482450022001,0.2559549588566479,0.21784322217410113,0.2087483759203117,-0.03811173668254675,-0.009094846253789424,0.03811173668254675,-0.009094846253789424,0.03811173668254675
482450022002,0.17304492512479186,0.0838602329450917,0.0,-0.08918469217970015,-0.0838602329450917,0.08918469217970015,-0.0838602329450917,0.08918469217970015
482450022003,0.628707627118644,0.5630296610169492,0.6573093220338981,-0.06567796610169485,0.09427966101694896,0.06567796610169485,0.09427966101694896,0.06567796610169485
482450023001,0.12919896640826867,0.27476313522825135,0.0,0.1455641688199827,-0.27476313522825135,-0.1455641688199827,-0.27476313522825135,-0.1455641688199827
482450023002,0.4628099173553717,0.5509641873278235,0.29476584022038566,0.0881542699724518,-0.25619834710743783,-0.0881542699724518,-0.25619834710743783,-0.0881542699724518
482450023003,0.0,0.08333333333333326,0.28255208333333326,0.08333333333333326,0.19921875,-0.08333333333333326,0.19921875,-0.08333333333333326
482450023004,0.4074074074074072,0.5683501683501682,1.0,0.16094276094276094,0.43164983164983184,-0.16094276094276094,0.43164983164983184,-0.16094276094276094
482450023005,0.07094266277939743,0.0942662779397474,0.0,0.023323615160349975,-0.0942662779397474,-0.023323615160349975,-0.0942662779397474,-0.023323615160349975
482450024001,0.0,0.3313550939663701,0.12265084075173105,0.3313550939663701,-0.20870425321463904,-0.3313550939663701,-0.20870425321463904,-0.3313550939663701
482450024002,0.2402597402597404,0.3246753246753247,0.04155844155844157,0.08441558441558428,-0.2831168831168831,-0.08441558441558428,-0.2831168831168831,-0.08441558441558428
482450024003,0.19798657718120793,0.4362416107382554,0.9228187919463089,0.23825503355704747,0.4865771812080535,-0.23825503355704747,0.4865771812080535,-0.23825503355704747
482450024004,0.47340980187695525,0.2867570385818563,0.20437956204379581,-0.18665276329509894,-0.08237747653806049,0.18665276329509894,-0.08237747653806049,0.18665276329509894
482450025001,0.26028481012658267,0.23022151898734178,0.0,-0.03006329113924089,-0.23022151898734178,0.03006329113924089,-0.23022151898734178,0.03006329113924089
482450025002,0.44186046511627897,0.5108777194298577,0.0,0.06901725431357875,-0.5108777194298577,-0.06901725431357875,-0.5108777194298577,-0.06901725431357875
482450026001,0.07206555796577485,0.13087490961677506,0.1320800192817546,0.05880935165100021,0.0012051096649795534,-0.05880935165100021,0.0012051096649795534,-0.05880935165100021
482450026002,0.20518358531317493,0.8323048441838937,0.9999999999999999,0.6271212588707188,0.16769515581610617,-0.6271212588707188,0.16769515581610617,-0.6271212588707188
482450026003,0.08597938144329897,0.9878350515463918,1.0,0.9018556701030929,0.01216494845360816,-0.9018556701030929,0.01216494845360816,-0.9018556701030929
482450026004,0.36300174520069817,0.6186736474694592,0.675392670157068,0.255671902268761,0.05671902268760887,-0.255671902268761,0.05671902268760887,-0.255671902268761
482450026005,0.177289173392708,0.9999999999999999,0.9983300862788757,0.8227108266072919,-0.0016699137211242387,-0.8227108266072919,-0.0016699137211242387,-0.8227108266072919
482450051001,0.03258426966292127,0.26067415730337107,0.1505617977528093,0.2280898876404498,-0.11011235955056176,-0.2280898876404498,-0.11011235955056176,-0.2280898876404498
482450051002,0.16936488169364883,0.28268991282689915,0.5404732254047324,0.11332503113325032,0.25778331257783327,-0.11332503113325032,0.25778331257783327,-0.11332503113325032
482450054001,0.12749999999999995,0.10624999999999996,0.012499999999999956,-0.02124999999999999,-0.09375,0.02124999999999999,-0.09375,0.02124999999999999
482450054002,0.2996323529411762,0.5698529411764706,0.2720588235294117,0.2702205882352944,-0.2977941176470589,-0.2702205882352944,-0.2977941176470589,-0.2702205882352944
482450055001,0.2413793103448274,0.07279693486590055,0.0,-0.16858237547892685,-0.07279693486590055,0.16858237547892685,-0.07279693486590055,0.16858237547892685
482450055002,0.21443736730360952,0.4670912951167727,0.0,0.2526539278131632,-0.4670912951167727,-0.2526539278131632,-0.4670912951167727,-0.2526539278131632
482450055003,0.12553495007132653,0.3994293865905849,0.0,0.2738944365192584,-0.3994293865905849,-0.2738944365192584,-0.3994293865905849,-0.2738944365192584
482450055004,0.0,0.30344827586206913,0.0386206896551724,0.30344827586206913,-0.2648275862068967,-0.30344827586206913,-0.2648275862068967,-0.30344827586206913
482450056001,0.3065476190476186,0.5654761904761902,0.22172619047619024,0.2589285714285716,-0.34375,-0.2589285714285716,-0.34375,-0.2589285714285716
482450056002,0.5335365853658538,0.26067073170731714,0.0,-0.27286585365853666,-0.26067073170731714,0.27286585365853666,-0.26067073170731714,0.27286585365853666
482450056003,0.7919161676646707,0.6047904191616764,0.47904191616766445,-0.18712574850299424,-0.12574850299401197,0.18712574850299424,-0.12574850299401197,0.18712574850299424
482450056004,0.6313253012048192,0.4265060240963856,0.49879518072289164,-0.20481927710843362,0.07228915662650603,0.20481927710843362,0.07228915662650603,0.20481927710843362
482450059001,0.5458612975391501,0.6554809843400449,0.0,0.10961968680089473,-0.6554809843400449,-0.10961968680089473,-0.6554809843400449,-0.10961968680089473
482450059002,0.6469194312796207,0.514218009478673,0.13744075829383884,-0.13270142180094768,-0.3767772511848342,0.13270142180094768,-0.3767772511848342,0.13270142180094768
482450061001,0.344927536231884,0.18840579710144922,0.0,-0.15652173913043477,-0.18840579710144922,0.15652173913043477,-0.18840579710144922,0.15652173913043477
482450061002,0.3359580052493437,0.24146981627296593,0.0,-0.09448818897637778,-0.24146981627296593,0.09448818897637778,-0.24146981627296593,0.09448818897637778
482450061003,0.11732711732711731,0.2261072261072261,0.26728826728826727,0.1087801087801088,0.041181041181041156,-0.1087801087801088,0.041181041181041156,-0.1087801087801088
482450063001,0.07251908396946583,0.0,0.043256997455470625,-0.07251908396946583,0.043256997455470625,0.07251908396946583,0.043256997455470625,0.07251908396946583
482450063002,0.0,0.21028037383177578,0.27336448598130847,0.21028037383177578,0.06308411214953269,-0.21028037383177578,0.06308411214953269,-0.21028037383177578
482450064001,0.18611793611793592,0.3415233415233412,0.04054054054054035,0.15540540540540526,-0.30098280098280084,-0.15540540540540526,-0.30098280098280084,-0.15540540540540526
482450064002,0.41126760563380316,0.5718309859154926,0.47323943661971857,0.16056338028168948,-0.09859154929577407,-0.16056338028168948,-0.09859154929577407,-0.16056338028168948
482450065001,0.2567901234567902,0.37901234567901243,0.0,0.12222222222222223,-0.37901234567901243,-0.12222222222222223,-0.37901234567901243,-0.12222222222222223
482450065002,0.0,0.2028688524590163,0.13729508196721296,0.2028688524590163,-0.06557377049180335,-0.2028688524590163,-0.06557377049180335,-0.2028688524590163
482450065003,0.5137362637362637,0.28571428571428603,0.1923076923076925,-0.22802197802197766,-0.09340659340659352,0.22802197802197766,-0.09340659340659352,0.22802197802197766
482450065004,0.1804767309875137,0.3132803632236092,0.4676503972758228,0.13280363223609548,0.1543700340522136,-0.13280363223609548,0.1543700340522136,-0.13280363223609548
482450066001,0.1475315729047071,0.09318790662074239,0.08515116724071947,-0.0543436662839647,-0.008036739380022917,0.0543436662839647,-0.008036739380022917,0.0543436662839647
482450066002,0.4845446950710106,0.5329991645781118,0.13283208020050097,0.048454469507101194,-0.40016708437761084,-0.048454469507101194,-0.40016708437761084,-0.048454469507101194
482450066003,0.43130434782608695,0.7356521739130435,0.5281159420289856,0.30434782608695654,-0.2075362318840579,-0.30434782608695654,-0.2075362318840579,-0.30434782608695654
482450067001,0.08348794063079779,0.4032158317872605,0.36363636363636354,0.3197278911564627,-0.03957946815089697,-0.3197278911564627,-0.03957946815089697,-0.3197278911564627
482450067002,0.02785782901056688,0.23342939481268,0.15754082612872233,0.2055715658021131,-0.07588856868395766,-0.2055715658021131,-0.07588856868395766,-0.2055715658021131
482450068001,0.0,0.09640522875816981,0.28104575163398704,0.09640522875816981,0.18464052287581723,-0.09640522875816981,0.18464052287581723,-0.09640522875816981
482450068002,0.16260162601626016,0.40548780487804903,0.3668699186991873,0.24288617886178887,-0.03861788617886175,-0.24288617886178887,-0.03861788617886175,-0.24288617886178887
482450069001,0.4501932159725204,0.4803563761270935,0.5436882782310009,0.0301631601545731,0.06333190210390738,-0.0301631601545731,0.06333190210390738,-0.0301631601545731
482450069002,0.09399773499433772,0.0,0.007927519818799578,-0.09399773499433772,0.007927519818799578,0.09399773499433772,0.007927519818799578,0.09399773499433772
482450069003,0.15890613451589064,0.29342202512934223,0.03917220990391723,0.1345158906134516,-0.254249815225425,-0.1345158906134516,-0.254249815225425,-0.1345158906134516
482450070011,0.31657848324515037,0.313932980599648,0.465608465608466,-0.00264550264550234,0.151675485008818,0.00264550264550234,0.151675485008818,0.00264550264550234
482450070012,0.3220779220779222,0.6822510822510819,0.4545454545454546,0.3601731601731597,-0.2277056277056273,-0.3601731601731597,-0.2277056277056273,-0.3601731601731597
482450070013,0.5842753500927955,0.3426691412181544,0.3914290534840559,-0.24160620887464113,0.048759912265901484,0.24160620887464113,0.048759912265901484,0.24160620887464113
482450070021,0.42955326460481125,0.5046964490263459,0.4817869415807561,0.07514318442153467,-0.02290950744558984,-0.07514318442153467,-0.02290950744558984,-0.07514318442153467
482450070022,0.2988007994670223,0.25949367088607644,0.35143237841439046,-0.03930712858094587,0.09193870752831401,0.03930712858094587,0.09193870752831401,0.03930712858094587
482450071001,0.4461206896551726,0.243534482758621,0.21839080459770122,-0.2025862068965516,-0.02514367816091978,0.2025862068965516,-0.02514367816091978,0.2025862068965516
482450071002,0.19052863436123335,0.03083700440528636,0.2786343612334803,-0.159691629955947,0.24779735682819393,0.159691629955947,0.24779735682819393,0.159691629955947
482450071003,0.36071428571428577,0.3000000000000007,0.1583333333333341,-0.060714285714285054,-0.1416666666666666,0.060714285714285054,-0.1416666666666666,0.060714285714285054
482450101001,0.5876010781671159,0.2560646900269541,0.19946091644204844,-0.33153638814016184,-0.05660377358490565,0.33153638814016184,-0.05660377358490565,0.33153638814016184
482450101002,0.3558504221954164,0.5983112183353436,0.25452352231604336,0.24246079613992721,-0.34378769601930026,-0.24246079613992721,-0.34378769601930026,-0.24246079613992721
482450101003,0.38403041825095063,0.28326996197718635,0.0,-0.10076045627376429,-0.28326996197718635,0.10076045627376429,-0.28326996197718635,0.10076045627376429
482450102001,0.17123287671232879,1.0,0.7351598173515983,0.8287671232876712,-0.2648401826484017,-0.8287671232876712,-0.2648401826484017,-0.8287671232876712
482450102002,1.0,0.9338486019549898,0.6217322118663332,-0.06615139804501025,-0.31211639008865655,0.06615139804501025,-0.31211639008865655,0.06615139804501025
482450103001,0.3105861767279092,0.6220472440944882,0.5380577427821522,0.31146106736657897,-0.08398950131233596,-0.31146106736657897,-0.08398950131233596,-0.31146106736657897
482450103002,0.04807121661721059,0.32522255192878324,0.43442136498516337,0.27715133531157266,0.10919881305638013,-0.27715133531157266,0.10919881305638013,-0.27715133531157266
482450104001,0.32461273666092927,0.35524956970740096,0.46437177280550745,0.03063683304647169,0.1091222030981065,-0.03063683304647169,0.1091222030981065,-0.03063683304647169
482450104002,0.30529801324503314,0.2993377483443709,0.1059602649006619,-0.00596026490066226,-0.19337748344370898,0.00596026490066226,-0.19337748344370898,0.00596026490066226
482450104003,0.43615819209039586,0.433898305084746,0.3672316384180787,-0.00225988700564983,-0.06666666666666732,0.00225988700564983,-0.06666666666666732,0.00225988700564983
482450105001,0.0013495276653170407,0.18353576248313086,0.0,0.18218623481781382,-0.18353576248313086,-0.18218623481781382,-0.18353576248313086,-0.18218623481781382
482450105002,0.2857142857142856,0.34970238095238093,0.42708333333333304,0.06398809523809534,0.0773809523809521,-0.06398809523809534,0.0773809523809521,-0.06398809523809534
482450105003,0.02696871628910502,0.2351672060409924,0.0,0.20819848975188737,-0.2351672060409924,-0.20819848975188737,-0.2351672060409924,-0.20819848975188737
482450105004,0.28042596348884397,0.21703853955375263,0.0,-0.06338742393509134,-0.21703853955375263,0.06338742393509134,-0.21703853955375263,0.06338742393509134
482450106001,0.09544787077826689,0.5895741556534508,0.6872246696035242,0.49412628487518395,0.0976505139500734,-0.49412628487518395,0.0976505139500734,-0.49412628487518395
482450106002,0.2789115646258504,0.6501457725947524,0.42662779397473294,0.37123420796890194,-0.22351797862001943,-0.37123420796890194,-0.22351797862001943,-0.37123420796890194
482450106003,0.923386083898518,1.0,0.21119065561416733,0.07661391610148205,-0.7888093443858326,-0.07661391610148205,-0.7888093443858326,-0.07661391610148205
482450106004,0.29401251117068794,0.42806076854334174,0.4155495978552275,0.1340482573726538,-0.012511170688114248,-0.1340482573726538,-0.012511170688114248,-0.1340482573726538
482450106005,0.2784588441330995,0.05166374781085814,0.4728546409807355,-0.22679509632224137,0.42119089316987735,0.22679509632224137,0.42119089316987735,0.22679509632224137
482450107001,0.09623893805309747,0.0,0.125,-0.09623893805309747,0.125,0.09623893805309747,0.125,0.09623893805309747
482450107002,0.12605042016806767,0.526050420168068,0.6487394957983197,0.40000000000000036,0.12268907563025166,-0.40000000000000036,0.12268907563025166,-0.40000000000000036
482450107003,0.4475118053033056,0.6879767526334908,0.9280784598619689,0.2404649473301852,0.24010170722847812,-0.2404649473301852,0.24010170722847812,-0.2404649473301852
482450108001,0.2889208633093525,0.27338129496402863,0.2771223021582734,-0.015539568345323884,0.00374100719424475,0.015539568345323884,0.00374100719424475,0.015539568345323884
482450108002,0.6050974512743627,0.7805097451274362,0.9999999999999999,0.17541229385307355,0.21949025487256368,-0.17541229385307355,0.21949025487256368,-0.17541229385307355
482450108003,0.1887254901960782,0.3308823529411766,0.5159313725490193,0.14215686274509842,0.1850490196078427,-0.14215686274509842,0.1850490196078427,-0.14215686274509842
482450108004,0.4326250672404518,0.9999999999999999,0.42179935449166217,0.5673749327595481,-0.5782006455083377,-0.5673749327595481,-0.5782006455083377,-0.5673749327595481
482450108005,0.24339207048458178,0.3898678414096919,0.24449339207048482,0.1464757709251101,-0.14537444933920707,-0.1464757709251101,-0.14537444933920707,-0.1464757709251101
482450109011,0.528551532033426,0.3802228412256268,0.18245125348189406,-0.1483286908077992,-0.1977715877437327,0.1483286908077992,-0.1977715877437327,0.1483286908077992
482450109012,0.5008537279453611,0.435970404097894,0.39271485486624913,-0.06488332384746709,-0.043255549231644874,0.06488332384746709,-0.043255549231644874,0.06488332384746709
482450109013,0.3773923444976077,0.35885167464114787,0.4443779904306222,-0.018540669856459857,0.08552631578947434,0.018540669856459857,0.08552631578947434,0.018540669856459857
482450109021,0.9999999999999998,0.22855849739760137,0.08576601040959497,-0.7714415026023984,-0.1427924869880064,0.7714415026023984,-0.1427924869880064,0.7714415026023984
482450109022,0.2874035989717223,0.3244215938303343,0.34550128534704383,0.03701799485861201,0.02107969151670952,-0.03701799485861201,0.02107969151670952,-0.03701799485861201
482450109023,0.4530853761622988,0.6191885038038882,0.617920540997464,0.1661031276415894,-0.001267962806424272,-0.1661031276415894,-0.001267962806424272,-0.1661031276415894
482450110011,0.5577278731836195,0.44887714663143985,0.6081902245706736,-0.10885072655217964,0.15931307793923377,0.10885072655217964,0.15931307793923377,0.10885072655217964
482450110012,0.4274596998332405,0.40522512506948294,0.4446914952751526,-0.022234574763757564,0.039466370205669676,0.022234574763757564,0.039466370205669676,0.022234574763757564
482450110013,0.31843354430379733,0.33148734177215156,0.4315664556962022,0.013053797468354222,0.10007911392405067,-0.013053797468354222,0.10007911392405067,-0.013053797468354222
482450110014,0.6816868861929519,0.6146735990756786,0.6204506065857887,-0.06701328711727328,0.0057770075101100105,0.06701328711727328,0.0057770075101100105,0.06701328711727328
482450110021,0.5261538461538464,0.6200000000000001,0.3338461538461539,0.09384615384615369,-0.2861538461538462,-0.09384615384615369,-0.2861538461538462,-0.09384615384615369
482450110022,0.43989547038327537,0.255226480836237,0.3776132404181185,-0.18466898954703836,0.1223867595818815,0.18466898954703836,0.1223867595818815,0.18466898954703836
482450110023,0.4632564841498561,0.3386167146974062,0.4747838616714697,-0.12463976945244992,0.1361671469740635,0.12463976945244992,0.1361671469740635,0.12463976945244992
482450111011,0.5008296460176991,0.6402101769911503,0.7087942477876106,0.13938053097345127,0.06858407079646023,-0.13938053097345127,0.06858407079646023,-0.13938053097345127
482450111012,0.21867469879518064,0.13186746987951803,0.023674698795180693,-0.08680722891566262,-0.10819277108433734,0.08680722891566262,-0.10819277108433734,0.08680722891566262
482450111013,0.4467860906217074,0.6037934668071654,0.4260625219529328,0.15700737618545801,-0.17773094485423258,-0.15700737618545801,-0.17773094485423258,-0.15700737618545801
482450111014,0.7521125514312259,1.0,0.32354112285979736,0.2478874485687741,-0.6764588771402027,-0.2478874485687741,-0.6764588771402027,-0.2478874485687741
482450111021,0.1069676153091268,0.36310107948969605,0.21884200196270864,0.25613346418056926,-0.1442590775269874,-0.25613346418056926,-0.1442590775269874,-0.25613346418056926
482450111022,0.08021223470661676,0.34363295880149836,0.4691011235955058,0.2634207240948816,0.12546816479400746,-0.2634207240948816,0.12546816479400746,-0.2634207240948816
482450111023,0.10237952409518103,0.1277744451109778,0.0,0.025394921015796768,-0.1277744451109778,-0.025394921015796768,-0.1277744451109778,-0.025394921015796768
482450112011,0.1737106684043943,0.1595606032396204,0.7075032582386895,-0.014150065164773906,0.5479426549990691,0.014150065164773906,0.5479426549990691,0.014150065164773906
482450112012,0.06109134045077136,0.36832740213523163,0.18564650059312005,0.30723606168446027,-0.18268090154211158,-0.30723606168446027,-0.18268090154211158,-0.30723606168446027
482450112013,0.5320385380027528,0.635724116837437,0.8564000611714331,0.10368557883468421,0.22067594433399607,-0.10368557883468421,0.22067594433399607,-0.10368557883468421
482450112014,0.39834881320949433,0.6707946336429309,0.5273477812177503,0.27244582043343657,-0.14344685242518063,-0.27244582043343657,-0.14344685242518063,-0.27244582043343657
482450112015,0.2951854775059193,0.576164167324388,0.5339384372533544,0.28097868981846874,-0.042225730071033585,-0.28097868981846874,-0.042225730071033585,-0.28097868981846874
482450112021,0.556792873051225,0.534521158129176,0.48775055679287305,-0.022271714922049046,-0.04677060133630295,0.022271714922049046,-0.04677060133630295,0.022271714922049046
482450112031,0.23991507430997872,0.4734607218683653,0.426751592356688,0.23354564755838658,-0.04670912951167727,-0.23354564755838658,-0.04670912951167727,-0.23354564755838658
482450113021,0.9942196531791907,0.6878612716763006,0.76878612716763,-0.3063583815028901,0.08092485549132933,0.3063583815028901,0.08092485549132933,0.3063583815028901
482450113031,0.5213379469434833,0.7804690503652443,0.5974625144175318,0.25913110342176093,-0.18300653594771243,-0.25913110342176093,-0.18300653594771243,-0.25913110342176093
482450113032,0.30704697986577223,0.3780760626398214,0.1851230425055932,0.07102908277404918,-0.19295302013422821,-0.07102908277404918,-0.19295302013422821,-0.07102908277404918
482450113041,0.12878429517502366,0.08000236518448439,0.0,-0.04878192999053926,-0.08000236518448439,0.04878192999053926,-0.08000236518448439,0.04878192999053926
482450113042,0.21133190118152534,0.2690655209452202,0.05021482277121381,0.05773361976369484,-0.21885069817400638,-0.05773361976369484,-0.21885069817400638,-0.05773361976369484
482450114001,0.0,0.1625135427952329,0.1625135427952329,0.1625135427952329,0.0,-0.1625135427952329,0.0,-0.1625135427952329
482450114002,0.3511269276393829,0.4839857651245554,0.3712930011862392,0.13285883748517247,-0.11269276393831618,-0.13285883748517247,-0.11269276393831618,-0.13285883748517247
482450114003,0.34507678410117437,0.35049683830171663,0.3306233062330626,0.005420054200542257,-0.019873532068654054,-0.005420054200542257,-0.019873532068654054,-0.005420054200542257
482450114004,0.8702064896755166,0.831858407079646,0.5,-0.038348082595870636,-0.331858407079646,0.038348082595870636,-0.331858407079646,0.038348082595870636
482450114005,0.2038239538239539,0.06349206349206371,0.07611832611832625,-0.1403318903318902,0.012626262626262541,0.1403318903318902,0.012626262626262541,0.1403318903318902
482450115001,0.8213228035538007,0.8150707469562359,0.9249753208292204,-0.006252056597564781,0.10990457387298447,0.006252056597564781,0.10990457387298447,0.006252056597564781
482450116001,0.7225493591963978,0.5230342916522344,0.3238656044336681,-0.19951506754416348,-0.1991686872185663,0.19951506754416348,-0.1991686872185663,0.19951506754416348
482450116002,0.1714812538414261,0.12661339889366952,0.20651505838967443,-0.04486785494775658,0.07990165949600492,0.04486785494775658,0.07990165949600492,0.04486785494775658
482450117001,0.06426332288401237,0.028213166144200663,0.19278996865203757,-0.03605015673981171,0.1645768025078369,0.03605015673981171,0.1645768025078369,0.03605015673981171
482450117002,0.2263687699484409,0.1976430149766757,0.531303707341026,-0.028725754971765216,0.33366069236435036,0.028725754971765216,0.33366069236435036,0.028725754971765216
482450118001,0.12735326688815052,0.23366555924695454,0.0,0.10631229235880402,-0.23366555924695454,-0.10631229235880402,-0.23366555924695454,-0.10631229235880402
482450118002,0.46723404255319134,0.6817021276595743,0.8663829787234041,0.21446808510638293,0.1846808510638298,-0.21446808510638293,0.1846808510638298,-0.21446808510638293
482459800001,0.16349809885931554,0.16223067173637506,0.36375158428390364,-0.0012674271229404788,0.20152091254752857,0.0012674271229404788,0.20152091254752857,0.0012674271229404788
482459900000,0.2631578947368421,0.2631578947368421,0.631578947368421,0.0,0.3684210526315789,0.0,0.3684210526315789,0.0
483610202001,0.46795523906408976,0.5340793489318414,0.0,0.06612410986775163,-0.5340793489318414,-0.06612410986775163,-0.5340793489318414,-0.06612410986775163
483610202002,0.6537949400798935,0.937416777629827,0.35818908122503323,0.28362183754993353,-0.5792276964047938,-0.28362183754993353,-0.5792276964047938,-0.28362183754993353
483610202003,0.1501501501501501,0.3243243243243241,0.21471471471471482,0.17417417417417402,-0.1096096096096093,-0.17417417417417402,-0.1096096096096093,-0.17417417417417402
483610202004,0.32835820895522394,0.3791044776119401,0.0,0.050746268656716165,-0.3791044776119401,-0.050746268656716165,-0.3791044776119401,-0.050746268656716165
483610203001,0.20345798150382022,0.3285082428628874,0.4483313228789707,0.12505026135906716,0.11982308001608333,-0.12505026135906716,0.11982308001608333,-0.12505026135906716
483610203002,0.6196660482374767,0.7179962894248608,0.5120593692022264,0.0983302411873841,-0.20593692022263443,-0.0983302411873841,-0.20593692022263443,-0.0983302411873841
483610203003,0.16688227684346701,0.1532988357050451,0.7134540750323417,-0.013583441138421914,0.5601552393272966,0.013583441138421914,0.5601552393272966,0.013583441138421914
483610205001,0.19234449760765537,0.6248803827751197,0.5904306220095692,0.43253588516746433,-0.03444976076555051,-0.43253588516746433,-0.03444976076555051,-0.43253588516746433
483610205002,0.5110192837465566,0.31818181818181834,0.1005509641873279,-0.19283746556473824,-0.21763085399449045,0.19283746556473824,-0.21763085399449045,0.19283746556473824
483610205003,0.21354933726067715,0.3078055964653905,0.19440353460971993,0.09425625920471337,-0.11340206185567059,-0.09425625920471337,-0.11340206185567059,-0.09425625920471337
483610205004,0.4538241827991114,0.39035226912091403,0.339892097746747,-0.06347191367819738,-0.05046017137416703,0.06347191367819738,-0.05046017137416703,0.06347191367819738
483610207001,0.3101851851851851,0.5206228956228953,0.5071548821548824,0.2104377104377102,-0.013468013468012963,-0.2104377104377102,-0.013468013468012963,-0.2104377104377102
483610207002,0.040062843676355264,0.003142183817753441,0.0,-0.03692065985860182,-0.003142183817753441,0.03692065985860182,-0.003142183817753441,0.03692065985860182
483610207003,0.4579185520361988,0.3728506787330317,0.0,-0.08506787330316712,-0.3728506787330317,0.08506787330316712,-0.3728506787330317,0.08506787330316712
483610207004,0.2816780821917808,0.025684931506849473,0.41695205479452024,-0.25599315068493134,0.39126712328767077,0.25599315068493134,0.39126712328767077,0.25599315068493134
483610208001,0.21410579345088143,0.32325776658270344,0.5062972292191437,0.10915197313182201,0.18303946263644022,-0.10915197313182201,0.18303946263644022,-0.10915197313182201
483610208002,0.41389375364857006,0.19848219497956787,0.1295971978984234,-0.2154115586690022,-0.06888499708114448,0.2154115586690022,-0.06888499708114448,0.2154115586690022
483610209001,0.5336754329698525,0.40410519563823,0.1385503527902503,-0.12957023733162254,-0.2655548428479797,0.12957023733162254,-0.2655548428479797,0.12957023733162254
483610209002,0.5245559038662484,0.6771159874608146,0.9999999999999996,0.1525600835945662,0.322884012539185,-0.1525600835945662,0.322884012539185,-0.1525600835945662
483610209003,0.04397705544933084,0.17399617590822158,0.15105162523900573,0.13001912045889075,-0.022944550669215857,-0.13001912045889075,-0.022944550669215857,-0.13001912045889075
483610209004,0.5937859608745688,0.6369390103567314,0.3607594936708862,0.043153049482162587,-0.27617951668584517,-0.043153049482162587,-0.27617951668584517,-0.043153049482162587
483610210001,0.519340519974635,0.8452758402029166,0.6163601775523149,0.32593532022828153,-0.2289156626506017,-0.32593532022828153,-0.2289156626506017,-0.32593532022828153
483610211001,0.5678642714570863,0.6876247504990021,0.4321357285429146,0.11976047904191578,-0.25548902195608747,-0.11976047904191578,-0.25548902195608747,-0.11976047904191578
483610212001,0.49498327759197336,0.6142697881828316,0.3868450390189522,0.11928651059085826,-0.22742474916387945,-0.11928651059085826,-0.22742474916387945,-0.11928651059085826
483610212002,0.38078248031496054,0.5803395669291339,0.07972440944881887,0.19955708661417337,-0.500615157480315,-0.19955708661417337,-0.500615157480315,-0.19955708661417337
483610212003,0.3639106819553408,0.6988533494266749,0.33494266747133405,0.33494266747133405,-0.3639106819553408,-0.33494266747133405,-0.3639106819553408,-0.33494266747133405
483610213001,0.5699682763482552,0.7095523440253788,0.8695805428269296,0.1395840676771236,0.16002819880155084,-0.1395840676771236,0.16002819880155084,-0.1395840676771236
483610213002,0.5540921919096897,0.6632173095014111,0.30103480714957653,0.10912511759172139,-0.3621825023518346,-0.10912511759172139,-0.3621825023518346,-0.10912511759172139
483610213003,0.6527145359019264,0.647810858143608,1.0,-0.004903677758318459,0.35218914185639205,0.004903677758318459,0.35218914185639205,0.004903677758318459
483610214001,0.4929416253338421,0.495230827928272,0.12056466997329274,0.0022892025944298844,-0.37466615795497926,-0.0022892025944298844,-0.37466615795497926,-0.0022892025944298844
483610214002,0.3558333333333339,0.5508333333333342,0.29666666666666686,0.19500000000000028,-0.2541666666666673,-0.19500000000000028,-0.2541666666666673,-0.19500000000000028
483610215011,0.3080486392588302,0.484076433121019,0.440069484655472,0.1760277938621888,-0.04400694846554698,-0.1760277938621888,-0.04400694846554698,-0.1760277938621888
483610215021,0.8993876893329037,1.0,0.15733161456654854,0.1006123106670963,-0.8426683854334515,-0.1006123106670963,-0.8426683854334515,-0.1006123106670963
483610215022,0.6312889314805941,0.5086248203162436,0.8181600383325347,-0.1226641111643505,0.30953521801629114,0.1226641111643505,0.30953521801629114,0.1226641111643505
483610215023,0.644263408010862,0.6388323150033943,0.6693822131704006,-0.005431093007467691,0.030549898167006262,0.005431093007467691,0.030549898167006262,0.005431093007467691
483610215024,0.2640579710144926,0.28956521739130414,0.25014492753623196,0.025507246376811565,-0.03942028985507218,-0.025507246376811565,-0.03942028985507218,-0.025507246376811565
483610215025,0.49514972585407024,0.6756642766765082,0.36271615352172093,0.18051455082243795,-0.31294812315478726,-0.18051455082243795,-0.31294812315478726,-0.18051455082243795
483610216001,0.41450068399452844,0.4199726402188779,0.39945280437756514,0.0054719562243494835,-0.020519835841312783,-0.0054719562243494835,-0.020519835841312783,-0.0054719562243494835
483610216002,0.4447739065974794,0.9065974796145291,1.0,0.4618235730170497,0.09340252038547092,-0.4618235730170497,0.09340252038547092,-0.4618235730170497
483610216003,0.48905109489051046,0.7615571776155718,0.8637469586374698,0.2725060827250614,0.10218978102189791,-0.2725060827250614,0.10218978102189791,-0.2725060827250614
483610217001,0.608040201005025,0.6976549413735342,0.5268006700167502,0.08961474036850925,-0.170854271356784,-0.08961474036850925,-0.170854271356784,-0.08961474036850925
483610217002,0.5587901701323252,0.5724007561436673,0.6166351606805294,0.013610586011342019,0.044234404536862115,-0.013610586011342019,0.044234404536862115,-0.013610586011342019
483610218001,0.5478468899521531,0.674043062200957,0.10167464114832558,0.12619617224880386,-0.5723684210526314,-0.12619617224880386,-0.5723684210526314,-0.12619617224880386
483610218002,0.7005174644243208,0.6778783958602848,0.2878395860284604,-0.02263906856403608,-0.3900388098318244,0.02263906856403608,-0.3900388098318244,0.02263906856403608
483610219001,0.9396955503512876,0.807377049180328,0.7377049180327866,-0.13231850117095956,-0.06967213114754145,0.13231850117095956,-0.06967213114754145,0.13231850117095956
483610219002,0.5672541743970316,0.523809523809524,1.0,-0.04344465058750768,0.47619047619047605,0.04344465058750768,0.47619047619047605,0.04344465058750768
483610219003,0.7204220045214771,0.8831951770911837,0.66164280331575,0.16277317256970658,-0.2215523737754337,-0.16277317256970658,-0.2215523737754337,-0.16277317256970658
483610219004,0.4575645756457565,0.8376383763837634,0.0,0.3800738007380069,-0.8376383763837634,-0.3800738007380069,-0.8376383763837634,-0.3800738007380069
483610219005,0.44092219020172907,0.6613832853025934,0.0561959654178672,0.2204610951008643,-0.6051873198847262,-0.2204610951008643,-0.6051873198847262,-0.2204610951008643
483610219006,0.5441116126384897,0.6105867870332373,0.3098071399261384,0.0664751743947476,-0.3007796471070989,-0.0664751743947476,-0.3007796471070989,-0.0664751743947476
483610220001,0.6034858387799567,0.5599128540305012,0.8184458968772699,-0.04357298474945548,0.2585330428467687,0.04357298474945548,0.2585330428467687,0.04357298474945548
483610220002,0.3913470993117012,0.6764995083579155,0.6981317600786627,0.2851524090462143,0.02163225172074723,-0.2851524090462143,0.02163225172074723,-0.2851524090462143
483610220003,0.6032852165256348,0.6480836236933798,0.24838227974116478,0.04479840716774497,-0.399701343952215,-0.04479840716774497,-0.399701343952215,-0.04479840716774497
483610222001,0.6423487544483986,0.7989323843416369,0.014234875444839812,0.15658362989323837,-0.7846975088967971,-0.15658362989323837,-0.7846975088967971,-0.15658362989323837
483610222002,0.8941580756013745,1.0,0.39965635738831606,0.1058419243986255,-0.6003436426116839,-0.1058419243986255,-0.6003436426116839,-0.1058419243986255
483610223001,0.5055432372505542,0.42017738359201795,0.24833702882483388,-0.08536585365853622,-0.17184035476718407,0.08536585365853622,-0.17184035476718407,0.08536585365853622
483610223002,0.5196284087503749,0.6574767755468987,0.5199280791129759,0.1378483667965238,-0.13754869643392276,-0.1378483667965238,-0.13754869643392276,-0.1378483667965238
483610223003,0.7097505668934239,0.7162293488824099,0.866537091026887,0.006478781988985993,0.15030774214447717,-0.006478781988985993,0.15030774214447717,-0.006478781988985993
483610223004,0.4613727300707908,0.6435826408125576,0.6722068328716526,0.18220991074176673,0.028624192059095055,-0.18220991074176673,0.028624192059095055,-0.18220991074176673
483610223005,0.3944113605130557,0.5836005497022452,0.32936326156665174,0.18918918918918948,-0.25423728813559343,-0.18918918918918948,-0.25423728813559343,-0.18918918918918948
483610224001,0.6705972827480134,0.8834914124583441,0.1881568828505511,0.21289412971033062,-0.695334529607793,-0.21289412971033062,-0.695334529607793,-0.21289412971033062
483610224002,0.7364294330518695,0.8864093285082426,0.9999999999999998,0.14997989545637314,0.11359067149175717,-0.14997989545637314,0.11359067149175717,-0.14997989545637314
483610224003,0.12934631432545185,0.23922114047287923,0.2211404728789983,0.10987482614742738,-0.01808066759388094,-0.10987482614742738,-0.01808066759388094,-0.10987482614742738
483610224004,0.41719745222929916,0.5127388535031847,0.3959660297239913,0.09554140127388555,-0.1167728237791934,-0.09554140127388555,-0.1167728237791934,-0.09554140127388555
483610224005,0.5917874396135265,0.7536231884057969,0.6352657004830915,0.16183574879227036,-0.1183574879227054,-0.16183574879227036,-0.1183574879227054,-0.16183574879227036
